{
  "version": 1,
  "author": "PRATHAP sk",
  "editor": "wokwi",
  "parts": [
    { "type": "wokwi-esp32-devkit-v1", "id": "esp", "top": 15.33, "left": -134, "attrs": {} },
    { "type": "wokwi-hc-sr04", "id": "ultrasonic1", "top": -92.37, "left": 45.23, "attrs": {} }
  ],
  "connections": [
    [ "esp:TX0", "$serialMonitor:RX", "", [] ],
    [ "esp:RX0", "$serialMonitor:TX", "", [] ],
    [ "ultrasonic1:VCC", "esp:3V3", "red", [ "v0" ] ],
    [ "ultrasonic1:TRIG", "esp:D5", "green", [ "v0" ] ],
    [ "ultrasonic1:ECHO", "esp:D18", "green", [ "v0" ] ],
    [ "ultrasonic1:GND", "esp:GND.1", "black", [ "v0" ] ]
  ],
  "dependencies": {}
}