{
  "version": 1,
  "author": "PRATHAP sk",
  "editor": "wokwi",
  "parts": [
    { "type": "wokwi-esp32-devkit-v1", "id": "esp", "top": 36, "left": -92, "attrs": {} },
    { "type": "wokwi-led", "id": "led1", "top": -68, "left": 26.87, "attrs": { "color": "red" } },
    {
      "type": "wokwi-resistor",
      "id": "r1",
      "top": 11.28,
      "left": 67.33,
      "attrs": { "value": "1000" }
    },
    { "type": "wokwi-dht22", "id": "dht1", "top": -82.37, "left": 181.93, "attrs": {} }
  ],
  "connections": [
    [ "esp:TX0", "$serialMonitor:RX", "", [] ],
    [ "esp:RX0", "$serialMonitor:TX", "", [] ],
    [ "led1:A", "r1:1", "green", [ "v0" ] ],
    [ "led1:C", "esp:GND.1", "green", [ "v0" ] ],
    [ "dht1:GND", "esp:GND.1", "black", [ "v0" ] ],
    [ "dht1:VCC", "esp:3V3", "red", [ "v0" ] ],
    [ "r1:2", "esp:D2", "green", [ "v0" ] ],
    [ "dht1:SDA", "esp:D15", "green", [ "v0" ] ]
  ],
  "dependencies": {}
}